120kvp,80kvp
IM000004,IM000038
IM000004,IM000039
IM000005,IM000039
IM000005,IM000040
IM000006,IM000040
IM000006,IM000041
IM000007,IM000041
IM000007,IM000042
IM000008,IM000042
IM000008,IM000043
IM000009,IM000043
IM000009,IM000044
IM000010,IM000044
IM000010,IM000045
IM000011,IM000045
IM000011,IM000046
IM000012,IM000046
IM000012,IM000047
IM000013,IM000047
IM000013,IM000048
IM000014,IM000048
IM000015,IM000048
IM000015,IM000049
IM000016,IM000049
IM000017,IM000049
IM000017,IM000050
IM000018,IM000050
IM000019,IM000050
IM000019,IM000051
IM000020,IM000051
IM000021,IM000051
IM000021,IM000243
IM000022,IM000243
IM000023,IM000243
IM000023,IM000244
IM000024,IM000244
IM000025,IM000244
IM000025,IM000245
IM000026,IM000245
IM000027,IM000245
IM000027,IM000246
IM000028,IM000246
IM000029,IM000246
IM000029,IM000247
IM000030,IM000247
IM000031,IM000247
IM000031,IM000248
IM000127,IM000248
IM000128,IM000248
IM000128,IM000249
IM000129,IM000249
IM000130,IM000249
IM000130,IM000250
IM000131,IM000250
IM000132,IM000250
IM000132,IM000251
IM000133,IM000251
IM000134,IM000251
IM000134,IM000252
IM000135,IM000252
IM000136,IM000252
IM000136,IM000253
IM000137,IM000253
IM000138,IM000253
IM000138,IM000254
IM000139,IM000254
IM000140,IM000254
IM000140,IM000255
IM000141,IM000255
IM000142,IM000256
IM000143,IM000257
IM000144,IM000258
IM000145,IM000259
IM000146,IM000260
IM000147,IM000261
IM000148,IM000262
IM000149,IM000263
IM000150,IM000264
IM000151,IM000265
IM000002,IM000266
IM000003,IM000267
IM000152,IM000268
IM000153,IM000269
IM000154,IM000270
IM000155,IM000271
IM000156,IM000272
IM000157,IM000273
IM000158,IM000274
IM000159,IM000275
IM000160,IM000276
IM000161,IM000277
IM000162,IM000278
IM000163,IM000279
IM000164,IM000280
IM000165,IM000281
IM000166,IM000282
IM000167,IM000283
IM000168,IM000284
IM000169,IM000285
IM000170,IM000286
IM000171,IM000287
IM000172,IM000288
IM000173,IM000289
IM000174,IM000290
IM000175,IM000291
IM000176,IM000292
IM000177,IM000293
IM000178,IM000294
IM000179,IM000295
